first_name,last_name
Dale,Floyed
Casey,Hedan
Myrna,Poulsen
Dewie,Cafferky
Breena,Seczyk
Malia,Martino
Gabbie,Carty
Salomo,Klug
Faber,Gebhardt
Astrix,Loude
Barth,Creavin
Lance,Halloway
Desi,MacIntosh
Tasia,Backwell
Min,Aitkin
Dunstan,Karpfen
Deanne,Champken
Penelopa,Lerwill
Jodi,Hazlehurst
Max,Scarth
Frans,Corkett
Damiano,Tregien
Benoite,Lavielle
Darwin,Edmed
Sascha,Nottingam
Jillene,Brandolini
Alonso,Martusewicz
Lesley,Rosellini
Harp,Issitt
Joete,Godilington
Maura,Beedham
Natty,Westlake
Venita,Sterry
Taddeo,Pirt
Quincey,Hince
Pooh,Rothera
Earle,Bendel
Rex,Seabrook
Eveline,Ucchino
Hermine,Cherry Holme
Kristos,Haswall
Noach,Haseman
Richmound,Keiley
Osborn,Thornber
Dickie,Cochran
Alexandros,Devenport
Pearline,Mazin
Brittni,MacCall
Brier,Grattage
Luther,Coltan
